icb_name_clean,items,total_quantity,nic,nic_per_item,quantity_per_item
NHS WEST YORKSHIRE INTEGRATED CARE BOARD,32070240,2376818945.5,264841213.59,8.25816126072022,74.11291420020555
NHS GREATER MANCHESTER INTEGRATED CARE BOARD,23644012,2035135685.8,215452303.29,9.112341141173502,86.07404216340272
NHS NORTH EAST AND NORTH CUMBRIA INTEGRATED CARE BOARD,30160084,1859992390.1,211890838.61,7.02553874219979,61.670663453722476
NHS CHESHIRE AND MERSEYSIDE INTEGRATED CARE BOARD,21647057,2050800011.3,200656499.18,9.269458623405482,94.73805198092286
NHS KENT AND MEDWAY INTEGRATED CARE BOARD,11793069,1826494039.6,128805562.45,10.92214100078614,154.878601965273
NHS LANCASHIRE AND SOUTH CUMBRIA INTEGRATED CARE BOARD,14709703,1111153192.6,121647893.65,8.269908212966639,75.53879181653089
NHS HUMBER AND NORTH YORKSHIRE INTEGRATED CARE BOARD,14553201,1005620512.3,114119609.18,7.841546968258049,69.09960992774029
NHS HAMPSHIRE AND ISLE OF WIGHT INTEGRATED CARE BOARD,11728074,895714817.2,113251490.55,9.656444063194007,76.3735645938114
NHS NORTH EAST LONDON INTEGRATED CARE BOARD,13261625,1078246839.7,103060962.87,7.77136760163253,81.30578565598108
NHS NOTTINGHAM AND NOTTINGHAMSHIRE INTEGRATED CARE BOARD,9111555,663313285.4,102604297.33,11.260898642438091,72.79913092770663
NHS CAMBRIDGESHIRE AND PETERBOROUGH INTEGRATED CARE BOARD,5780934,356971384.6,98291152.44,17.002642209719053,61.749776869966
NHS HEREFORDSHIRE AND WORCESTERSHIRE INTEGRATED CARE BOARD,5596108,2261348609.3,96014731.31,17.157412135362648,404.09309636268637
NHS SUSSEX INTEGRATED CARE BOARD,8765767,590502739.3,92809832.69,10.587759484138695,67.36464011648951
NHS BIRMINGHAM AND SOLIHULL INTEGRATED CARE BOARD,9017207,995649419.8,90297698.68,10.013932105584358,110.41660902317092
NHS SOUTH YORKSHIRE INTEGRATED CARE BOARD,12701624,787460164.3,90232870.57,7.104042016202022,61.99680956545399
NHS BLACK COUNTRY INTEGRATED CARE BOARD,9272151,915400619.3,89160963.78,9.615995660553846,98.72581014912289
NHS SOUTH EAST LONDON INTEGRATED CARE BOARD,9332168,713116626.5,83344638.52,8.930897784952007,76.41489378459539
NHS STAFFORDSHIRE AND STOKE-ON-TRENT INTEGRATED CARE BOARD,9567167,747226168.0,82649837.42,8.638904016204588,78.10318017862551
NHS NORTH WEST LONDON INTEGRATED CARE BOARD,10390680,743811223.6,81604420.4,7.853616933636682,71.58446065127595
"NHS LEICESTER, LEICESTERSHIRE AND RUTLAND INTEGRATED CARE BOARD",8730171,665726312.2,75160981.34,8.609336671641369,76.25581585973516
NHS DEVON INTEGRATED CARE BOARD,8851619,648043627.0,73745199.01,8.331266744535661,73.21187536426952
"NHS BUCKINGHAMSHIRE, OXFORDSHIRE AND BERKSHIRE WEST INTEGRATED CARE BOARD",7271167,505232044.20000005,73335526.58,10.085798686785767,69.4843130683149
NHS SOUTH WEST LONDON INTEGRATED CARE BOARD,8834851,574188916.8,70070138.84,7.93110589414581,64.99135263288537
NHS HERTFORDSHIRE AND WEST ESSEX INTEGRATED CARE BOARD,7483110,478100908.9,64617936.879999995,8.635171323153074,63.89066964136568
NHS CENTRAL EAST INTEGRATED CARE BOARD,5369147,352966807.5,62958218.96,11.725925730847004,65.73982934346927
NHS COVENTRY AND WARWICKSHIRE INTEGRATED CARE BOARD,7613713,629036778.2,62327718.58,8.18624481642531,82.6189243277229
NHS DERBY AND DERBYSHIRE INTEGRATED CARE BOARD,7473522,600982355.5,60925582.02,8.15219143263377,80.41487741656478
NHS MID AND SOUTH ESSEX INTEGRATED CARE BOARD,5890731,397549051.5,57930112.59,9.834112708592533,67.48721873397376
NHS LINCOLNSHIRE INTEGRATED CARE BOARD,7990007,487568338.8,57408726.5,7.185065857889737,61.02226678900281
NHS NORTH CENTRAL LONDON INTEGRATED CARE BOARD,6391321,489374178.74,54435408.08,8.517082474812327,76.56854955962937
"NHS BRISTOL, NORTH SOMERSET AND SOUTH GLOUCESTERSHIRE INTEGRATED CARE BOARD",5460139,444738211.0,51079333.52,9.354951132196453,81.45181120846924
"NHS BATH AND NORTH EAST SOMERSET, SWINDON AND WILTSHIRE INTEGRATED CARE BOARD",6236528,423345613.3,50536204.57,8.103259469050728,67.88161831390799
NHS NORFOLK AND WAVENEY INTEGRATED CARE BOARD,6563919,415747182.26,49561304.15,7.550566079502199,63.33825604185548
NHS SUFFOLK AND NORTH EAST ESSEX INTEGRATED CARE BOARD,6251613,380014875.9,47114453.32,7.536367545463866,60.786692314447485
NHS WEST AND NORTH LONDON INTEGRATED CARE BOARD,5651631,418501887.26,46421251.4,8.213779597429484,74.04975435586647
NHS SURREY AND SUSSEX INTEGRATED CARE BOARD,4408948,311102597.9,45711774.42,10.367954990623614,70.56163917106755
NHS NORTHAMPTONSHIRE INTEGRATED CARE BOARD,5895125,346938381.0,45440267.11,7.708109176650198,58.85174292317805
NHS DORSET INTEGRATED CARE BOARD,5294007,393970546.0,45171435.85,8.53256065773997,74.41821402956211
NHS GLOUCESTERSHIRE INTEGRATED CARE BOARD,4773238,258467745.3,43378735.99,9.087905524509777,54.149352137898845
NHS SOMERSET INTEGRATED CARE BOARD,3875641,267641217.5,39574564.18,10.211101642283174,69.05727787996877
"NHS BEDFORDSHIRE, LUTON AND MILTON KEYNES INTEGRATED CARE BOARD",4322802,311109593.6,38194565.72,8.835603786618032,71.96942945802283
NHS SURREY HEARTLANDS INTEGRATED CARE BOARD,3795733,291417605.1,37468738.49,9.871278746423945,76.77505375114636
NHS CORNWALL AND THE ISLES OF SCILLY INTEGRATED CARE BOARD,4543043,278964585.0,36638641.93,8.064779912935009,61.4047863953742
"NHS SHROPSHIRE, TELFORD AND WREKIN INTEGRATED CARE BOARD",3453088,268745007.3,32412007.21,9.386383205409187,77.82744236463131
NHS ESSEX INTEGRATED CARE BOARD,3354138,222026743.8,32068684.06,9.560931619390734,66.194874450604
NHS THAMES VALLEY INTEGRATED CARE BOARD,3029721,216419737.6,30554220.259999998,10.084829679036451,71.43223339706857
NHS FRIMLEY INTEGRATED CARE BOARD,3095850,233190561.10000002,30246487.5,9.770010659431174,75.32359807484214
NHS NORFOLK AND SUFFOLK INTEGRATED CARE BOARD,3557237,221267002.9,27141545.18,7.629951330203751,62.20192888469337
